{
  "cv_mean_train_time": 48.48335087299347,
  "cv_mean_test_time": 0.02219104766845703,
  "cv_mean_train_wer": 0.1745985448360443,
  "cv_mean_test_wer": 0.18836084753274918,
  "wer_test": 0.19238995015621185,
  "dataset_statistics": {
    "num_features": 1672,
    "num_total_rows": 5939,
    "train_size": 5345,
    "test_size": 594
  }
}