{
  "target_model": "FASTT_Alternating",
  "our_wer": 0.19238995015621185,
  "best_competitor": "Raw_XGBoost",
  "best_competitor_wer": 0.19309276342391968,
  "wer_margin": 0.0007028132677078247,
  "all_results": {
    "Raw_XGBoost": 0.19309276342391968,
    "FASTT_Alternating": 0.19238995015621185
  }
}