{
  "cv_mean_train_time": 0.4946725368499756,
  "cv_mean_test_time": 0.010315895080566406,
  "cv_mean_train_wer": 0.18353775143623352,
  "cv_mean_test_wer": 0.19156116247177124,
  "wer_test": 0.19175957143306732,
  "dataset_statistics": {
    "num_features": 1672,
    "num_total_rows": 5939,
    "train_size": 5345,
    "test_size": 594
  }
}