{
  "cv_mean_train_time": 2.372884511947632,
  "cv_mean_test_time": 0.01199793815612793,
  "cv_mean_train_wer": 0.18719719350337982,
  "cv_mean_test_wer": 0.19070831686258316,
  "wer_test": 0.1906386911869049,
  "dataset_statistics": {
    "num_features": 1672,
    "num_total_rows": 5939,
    "train_size": 5345,
    "test_size": 594
  }
}