{
  "cv_mean_train_time": 7.428394436836243,
  "cv_mean_test_time": 0.02348160743713379,
  "cv_mean_train_wer": 0.19462314248085022,
  "cv_mean_test_wer": 0.1981111764907837,
  "wer_test": 0.19840307533740997,
  "dataset_statistics": {
    "num_features": 1672,
    "num_total_rows": 5939,
    "train_size": 5345,
    "test_size": 594
  }
}