{
  "cv_mean_train_time": 0.6357228755950928,
  "cv_mean_test_time": 0.001978158950805664,
  "cv_mean_test_wer": 0.4237653911113739,
  "wer_test": 0.4469089210033417,
  "dataset_statistics": {
    "source": "synthetic",
    "num_features": 20,
    "num_informative": 4,
    "num_noise": 16,
    "num_experts": 2,
    "num_total_rows": 1500,
    "train_size": 1200,
    "test_size": 300
  }
}