{
  "cv_mean_train_time": 269.67106103897095,
  "cv_mean_test_time": 0.18432998657226562,
  "cv_mean_train_wer": 0.1643264889717102,
  "cv_mean_test_wer": 0.1887005716562271,
  "wer_test": 0.18626755475997925,
  "dataset_statistics": {
    "num_features": 1672,
    "num_total_rows": 5939,
    "train_size": 5345,
    "test_size": 594
  }
}