{
  "cv_mean_train_time": 11.701137781143188,
  "cv_mean_test_time": 0.003112316131591797,
  "wer_cv_mean_train": -0.1685514897108078,
  "wer_cv_mean_test": -0.19286103546619415,
  "wer_test": 0.19311833381652832,
  "dataset_statistics": {
    "num_features": 1672,
    "num_total_rows": 5939,
    "train_size": 5345,
    "test_size": 594
  }
}