{
  "cv_mean_train_time": 0.6228270530700684,
  "cv_mean_test_time": 0.003612995147705078,
  "cv_mean_train_wer": 0.17929884791374207,
  "cv_mean_test_wer": 0.19430536031723022,
  "wer_test": 0.19227083027362823,
  "dataset_statistics": {
    "num_features": 1672,
    "num_total_rows": 5939,
    "train_size": 5345,
    "test_size": 594
  }
}