{
  "cv_mean_train_time": 2.1408910751342773,
  "cv_mean_test_time": 0.006944179534912109,
  "cv_mean_train_wer": 0.17400771379470825,
  "cv_mean_test_wer": 0.18546895682811737,
  "wer_test": 0.19309276342391968,
  "dataset_statistics": {
    "num_features": 1672,
    "num_total_rows": 5939,
    "train_size": 5345,
    "test_size": 594
  }
}