{
  "cv_mean_train_time": 6.836045980453491,
  "cv_mean_test_time": 0.0076329708099365234,
  "cv_mean_train_wer": 0.18829207122325897,
  "cv_mean_test_wer": 0.18816684186458588,
  "wer_test": 0.19154506921768188,
  "dataset_statistics": {
    "num_features": 1672,
    "num_total_rows": 5939,
    "train_size": 5048,
    "test_size": 891
  }
}