{
  "cv_mean_train_time": 135.50023078918457,
  "cv_mean_test_time": 0.343062162399292,
  "cv_mean_train_wer": 0.18305933475494385,
  "cv_mean_test_wer": 0.1795671135187149,
  "wer_test": 0.18356135487556458,
  "dataset_statistics": {
    "num_features": 1672,
    "num_total_rows": 5939,
    "train_size": 5048,
    "test_size": 891
  }
}