{
  "cv_mean_train_time": 0.6257519721984863,
  "cv_mean_test_time": 0.0002589225769042969,
  "cv_mean_test_wer": 0.41883334517478943,
  "wer_test": 0.42703187465667725,
  "dataset_statistics": {
    "source": "synthetic",
    "num_features": 20,
    "num_informative": 4,
    "num_noise": 16,
    "num_experts": 2,
    "num_total_rows": 1500,
    "train_size": 1200,
    "test_size": 300
  }
}