{
  "cv_mean_train_time": 0.6265010833740234,
  "cv_mean_test_time": 0.0021131038665771484,
  "cv_mean_test_wer": 0.4193352460861206,
  "wer_test": 0.42768940329551697,
  "dataset_statistics": {
    "source": "synthetic",
    "num_features": 20,
    "num_informative": 4,
    "num_noise": 16,
    "num_experts": 2,
    "num_total_rows": 1500,
    "train_size": 1200,
    "test_size": 300
  }
}