{
  "cv_mean_train_time": 44.30448579788208,
  "cv_mean_test_time": 0.07435011863708496,
  "cv_mean_train_wer": 0.17267507314682007,
  "cv_mean_test_wer": 0.1785818338394165,
  "wer_test": 0.1878456324338913,
  "dataset_statistics": {
    "num_features": 1672,
    "num_total_rows": 5939,
    "train_size": 5048,
    "test_size": 891
  }
}