{
  "target_models": [
    "FASTT_Alternating",
    "FASTT_Boosted"
  ],
  "best_target_model": "FASTT_Alternating",
  "our_best_wer": 0.18014249205589294,
  "our_all_wers": {
    "FASTT_Alternating": 0.18014249205589294,
    "FASTT_Boosted": 0.18241770565509796
  },
  "best_competitor": "Raw_SDT",
  "best_competitor_wer": 0.18401215970516205,
  "wer_margin": 0.003869667649269104,
  "all_results": {
    "Dummy_0": 0.19509568810462952,
    "Dummy_1": 0.20355568826198578,
    "Dummy_2": 0.22076170146465302,
    "Random_Ensemble": 0.20741181075572968,
    "Raw_SDT": 0.18401215970516205,
    "Raw_XGBoost": 0.18459255993366241,
    "SelectKBest_SDT": 0.19200485944747925,
    "SelectKBest_XGBoost": 0.19269970059394836,
    "FASTT_Boosted": 0.18241770565509796,
    "FASTT_Alternating": 0.18014249205589294
  }
}