{
  "cv_mean_train_time": 4.7857677936553955,
  "cv_mean_test_time": 0.00760197639465332,
  "cv_mean_train_wer": 0.19218187034130096,
  "cv_mean_test_wer": 0.18345683813095093,
  "wer_test": 0.19467303156852722,
  "dataset_statistics": {
    "num_features": 1672,
    "num_total_rows": 5939,
    "train_size": 5048,
    "test_size": 891
  }
}