{
  "cv_mean_train_time": 0.29340946674346924,
  "cv_mean_test_time": 0.002376556396484375,
  "cv_mean_train_wer": 0.18486502766609192,
  "cv_mean_test_wer": 0.19033565372228622,
  "wer_test": 0.19022373855113983,
  "dataset_statistics": {
    "num_features": 1672,
    "num_total_rows": 5939,
    "train_size": 5345,
    "test_size": 594
  }
}