{
  "cv_mean_train_time": 0.22444581985473633,
  "cv_mean_test_time": 0.0011091232299804688,
  "cv_mean_train_wer": 0.18886849284172058,
  "cv_mean_test_wer": 0.18502211570739746,
  "wer_test": 0.19658997654914856,
  "dataset_statistics": {
    "num_features": 1672,
    "num_total_rows": 5939,
    "train_size": 5048,
    "test_size": 891
  }
}