{
  "cv_mean_train_time": 0.74751877784729,
  "cv_mean_test_time": 0.00047898292541503906,
  "cv_mean_test_wer": 0.39602890610694885,
  "wer_test": 0.3978487253189087,
  "dataset_statistics": {
    "source": "synthetic",
    "num_features": 30,
    "num_informative": 5,
    "num_noise": 25,
    "num_experts": 3,
    "num_total_rows": 4000,
    "train_size": 3200,
    "test_size": 800
  }
}