{
  "cv_mean_train_time": 8.267513036727905,
  "cv_mean_test_time": 0.005251169204711914,
  "cv_mean_train_wer": 0.17557920515537262,
  "cv_mean_test_wer": 0.1869908571243286,
  "wer_test": 0.19238995015621185,
  "dataset_statistics": {
    "num_features": 1672,
    "num_total_rows": 5939,
    "train_size": 5345,
    "test_size": 594
  }
}