{
  "cv_mean_train_time": 6.159284353256226,
  "cv_mean_test_time": 0.020056962966918945,
  "cv_mean_train_wer": 0.18902447074651718,
  "cv_mean_test_wer": 0.19245047867298126,
  "wer_test": 0.19840307533740997,
  "dataset_statistics": {
    "num_features": 1672,
    "num_total_rows": 5939,
    "train_size": 5345,
    "test_size": 594
  }
}