{
  "cv_mean_train_time": 10.154098629951477,
  "cv_mean_test_time": 0.013884425163269043,
  "cv_mean_train_wer": 0.17650337517261505,
  "cv_mean_test_wer": 0.18679269403219223,
  "wer_test": 0.1966307908296585,
  "dataset_statistics": {
    "num_features": 1672,
    "num_total_rows": 5939,
    "train_size": 5345,
    "test_size": 594
  }
}