{
  "cv_mean_train_time": 0.6215369701385498,
  "cv_mean_test_time": 0.0021409988403320312,
  "cv_mean_test_wer": 0.4192139804363251,
  "wer_test": 0.4270056188106537,
  "dataset_statistics": {
    "source": "synthetic",
    "num_features": 20,
    "num_informative": 4,
    "num_noise": 16,
    "num_experts": 2,
    "num_total_rows": 1500,
    "train_size": 1200,
    "test_size": 300
  }
}