{
  "cv_mean_train_time": 1.738710641860962,
  "cv_mean_test_time": 0.007679462432861328,
  "cv_mean_train_wer": 0.17407388985157013,
  "cv_mean_test_wer": 0.18691057711839676,
  "wer_test": 0.1938551515340805,
  "dataset_statistics": {
    "num_features": 1672,
    "num_total_rows": 5939,
    "train_size": 5345,
    "test_size": 594
  }
}