{
  "cv_mean_train_time": 5.5714430809021,
  "cv_mean_test_time": 0.0166471004486084,
  "cv_mean_train_wer": 0.17116272449493408,
  "cv_mean_test_wer": 0.1766224354505539,
  "wer_test": 0.18767820298671722,
  "dataset_statistics": {
    "num_features": 1672,
    "num_total_rows": 5939,
    "train_size": 5048,
    "test_size": 891
  }
}