{
  "cv_mean_train_time": 11.706952929496765,
  "cv_mean_test_time": 0.022855043411254883,
  "cv_mean_train_wer": 0.1713952273130417,
  "cv_mean_test_wer": 0.1866142898797989,
  "wer_test": 0.19252245128154755,
  "dataset_statistics": {
    "num_features": 1672,
    "num_total_rows": 5939,
    "train_size": 5345,
    "test_size": 594
  }
}