{
  "cv_mean_train_time": 5.6483986377716064,
  "cv_mean_test_time": 0.0223081111907959,
  "cv_mean_train_wer": 0.1909869909286499,
  "cv_mean_test_wer": 0.18749667704105377,
  "wer_test": 0.19200485944747925,
  "dataset_statistics": {
    "num_features": 1672,
    "num_total_rows": 5939,
    "train_size": 5048,
    "test_size": 891
  }
}