{
  "cv_mean_train_time": 35.882434010505676,
  "cv_mean_test_time": 0.020575523376464844,
  "cv_mean_train_wer": 0.1746807098388672,
  "cv_mean_test_wer": 0.1882925182580948,
  "wer_test": 0.19359683990478516,
  "dataset_statistics": {
    "num_features": 1672,
    "num_total_rows": 5939,
    "train_size": 5345,
    "test_size": 594
  }
}