{
  "cv_mean_train_time": 0.08299994468688965,
  "cv_mean_test_time": 0.0009369850158691406,
  "cv_mean_train_wer": 0.19231228530406952,
  "cv_mean_test_wer": 0.189251109957695,
  "wer_test": 0.19269970059394836,
  "dataset_statistics": {
    "num_features": 1672,
    "num_total_rows": 5939,
    "train_size": 5048,
    "test_size": 891
  }
}