{
  "cv_mean_train_time": 6.178346633911133,
  "cv_mean_test_time": 0.019907474517822266,
  "cv_mean_train_wer": 0.18418827652931213,
  "cv_mean_test_wer": 0.1853286325931549,
  "wer_test": 0.1906386911869049,
  "dataset_statistics": {
    "num_features": 1672,
    "num_total_rows": 5939,
    "train_size": 5345,
    "test_size": 594
  }
}