{
  "cv_mean_train_time": 1.416153907775879,
  "cv_mean_test_time": 0.0006961822509765625,
  "cv_mean_test_wer": 0.3883137106895447,
  "wer_test": 0.39287522435188293,
  "dataset_statistics": {
    "source": "synthetic",
    "num_features": 36,
    "num_informative": 6,
    "num_noise": 30,
    "num_experts": 3,
    "num_total_rows": 4500,
    "train_size": 3600,
    "test_size": 900
  }
}