{
  "cv_mean_train_time": 0.6428048610687256,
  "cv_mean_test_time": 0.0002930164337158203,
  "cv_mean_test_wer": 0.4190564453601837,
  "wer_test": 0.426858514547348,
  "dataset_statistics": {
    "source": "synthetic",
    "num_features": 20,
    "num_informative": 4,
    "num_noise": 16,
    "num_experts": 2,
    "num_total_rows": 1500,
    "train_size": 1200,
    "test_size": 300
  }
}