{
  "cv_mean_train_time": 0.66121506690979,
  "cv_mean_test_time": 0.0021331310272216797,
  "cv_mean_test_wer": 0.485742449760437,
  "wer_test": 0.5002579689025879,
  "dataset_statistics": {
    "source": "synthetic",
    "num_features": 20,
    "num_informative": 4,
    "num_noise": 16,
    "num_experts": 2,
    "num_total_rows": 1500,
    "train_size": 1200,
    "test_size": 300
  }
}