{
  "cv_mean_train_time": 1.1059000492095947,
  "cv_mean_test_time": 0.0002989768981933594,
  "cv_mean_test_wer": 0.42638999223709106,
  "wer_test": 0.43765681982040405,
  "dataset_statistics": {
    "source": "synthetic",
    "num_features": 14,
    "num_informative": 4,
    "num_noise": 10,
    "num_experts": 2,
    "num_total_rows": 3000,
    "train_size": 2400,
    "test_size": 600
  }
}