{
  "cv_mean_train_time": 5.1534504890441895,
  "cv_mean_test_time": 0.019391536712646484,
  "cv_mean_train_wer": 0.17310787737369537,
  "cv_mean_test_wer": 0.18737129867076874,
  "wer_test": 0.19309276342391968,
  "dataset_statistics": {
    "num_features": 1672,
    "num_total_rows": 5939,
    "train_size": 5345,
    "test_size": 594
  }
}