{
  "cv_mean_train_time": 14.498302936553955,
  "cv_mean_test_time": 0.005197763442993164,
  "cv_mean_train_wer": 0.17320898175239563,
  "cv_mean_test_wer": 0.1835254281759262,
  "wer_test": 0.19011326134204865,
  "dataset_statistics": {
    "num_features": 1672,
    "num_total_rows": 5939,
    "train_size": 5345,
    "test_size": 594
  }
}