{
  "cv_mean_train_time": 7.921866059303284,
  "cv_mean_test_time": 0.02606499195098877,
  "cv_mean_train_wer": 0.18702684342861176,
  "cv_mean_test_wer": 0.18438838422298431,
  "wer_test": 0.19258253276348114,
  "dataset_statistics": {
    "num_features": 1672,
    "num_total_rows": 5939,
    "train_size": 5345,
    "test_size": 594
  }
}