{
  "cv_mean_train_time": 0.8509938716888428,
  "cv_mean_test_time": 0.00022292137145996094,
  "cv_mean_test_wer": 0.419242799282074,
  "wer_test": 0.42682504653930664,
  "dataset_statistics": {
    "source": "synthetic",
    "num_features": 20,
    "num_informative": 4,
    "num_noise": 16,
    "num_experts": 2,
    "num_total_rows": 1500,
    "train_size": 1200,
    "test_size": 300
  }
}