{
  "cv_mean_train_time": 22.64760112762451,
  "cv_mean_test_time": 0.005307912826538086,
  "cv_mean_train_wer": 0.17590320110321045,
  "cv_mean_test_wer": 0.18302592635154724,
  "wer_test": 0.19062641263008118,
  "dataset_statistics": {
    "num_features": 1672,
    "num_total_rows": 5939,
    "train_size": 5345,
    "test_size": 594
  }
}