{
  "cv_mean_train_time": 49.886313915252686,
  "cv_mean_test_time": 0.03533506393432617,
  "cv_mean_train_wer": 0.17057840526103973,
  "cv_mean_test_wer": 0.1813080757856369,
  "wer_test": 0.18241770565509796,
  "dataset_statistics": {
    "num_features": 1672,
    "num_total_rows": 5939,
    "train_size": 5048,
    "test_size": 891
  }
}