{
  "cv_mean_train_time": 8.39450216293335,
  "cv_mean_test_time": 0.03500795364379883,
  "cv_mean_train_wer": 0.19382628798484802,
  "cv_mean_test_wer": 0.1968056708574295,
  "wer_test": 0.2080937922000885,
  "dataset_statistics": {
    "num_features": 1672,
    "num_total_rows": 5939,
    "train_size": 5345,
    "test_size": 594
  }
}