{
  "cv_mean_train_time": 9.726566791534424,
  "cv_mean_test_time": 0.010663270950317383,
  "cv_mean_train_wer": 0.1735202819108963,
  "cv_mean_test_wer": 0.18505913019180298,
  "wer_test": 0.18961980938911438,
  "dataset_statistics": {
    "num_features": 1672,
    "num_total_rows": 5939,
    "train_size": 5048,
    "test_size": 891
  }
}