{
  "cv_mean_train_time": 4.732898235321045,
  "cv_mean_test_time": 0.003142833709716797,
  "cv_mean_train_wer": 0.1614323854446411,
  "cv_mean_test_wer": 0.19195811450481415,
  "wer_test": 0.18901363015174866,
  "dataset_statistics": {
    "num_features": 1672,
    "num_total_rows": 5939,
    "train_size": 5345,
    "test_size": 594
  }
}