{
  "cv_mean_train_time": 0.8638570308685303,
  "cv_mean_test_time": 0.0002911090850830078,
  "cv_mean_test_wer": 0.42296841740608215,
  "wer_test": 0.4295822083950043,
  "dataset_statistics": {
    "source": "synthetic",
    "num_features": 20,
    "num_informative": 4,
    "num_noise": 16,
    "num_experts": 2,
    "num_total_rows": 1500,
    "train_size": 1200,
    "test_size": 300
  }
}