{
  "cv_mean_train_time": 3.1272358894348145,
  "cv_mean_test_time": 0.004067897796630859,
  "cv_mean_train_wer": 0.16940833628177643,
  "cv_mean_test_wer": 0.19220441579818726,
  "wer_test": 0.19426624476909637,
  "dataset_statistics": {
    "num_features": 1672,
    "num_total_rows": 5939,
    "train_size": 5345,
    "test_size": 594
  }
}