{
  "cv_mean_train_time": 7.6714088916778564,
  "cv_mean_test_time": 0.034265995025634766,
  "cv_mean_train_wer": 0.20252452790737152,
  "cv_mean_test_wer": 0.20231416076421738,
  "wer_test": 0.2080937922000885,
  "dataset_statistics": {
    "num_features": 1672,
    "num_total_rows": 5939,
    "train_size": 5345,
    "test_size": 594
  }
}