{
  "cv_mean_train_time": 32.039026737213135,
  "cv_mean_test_time": 0.00394439697265625,
  "cv_mean_train_wer": 0.1720767766237259,
  "cv_mean_test_wer": 0.19017550349235535,
  "wer_test": 0.19244061410427094,
  "dataset_statistics": {
    "num_features": 1672,
    "num_total_rows": 5939,
    "train_size": 5345,
    "test_size": 594
  }
}