{
  "cv_mean_train_time": 5.989063262939453,
  "cv_mean_test_time": 0.019350528717041016,
  "cv_mean_train_wer": 0.18264198303222656,
  "cv_mean_test_wer": 0.18663673847913742,
  "wer_test": 0.1906386911869049,
  "dataset_statistics": {
    "num_features": 1672,
    "num_total_rows": 5939,
    "train_size": 5345,
    "test_size": 594
  }
}