{
  "target_model": "FASTT-XGB_diagonal",
  "our_wer": 0.4004369378089905,
  "best_competitor": "Raw_XGBoost",
  "best_competitor_wer": 0.40011268854141235,
  "wer_margin": -0.000324249267578125,
  "oracle_wer": 0.39279815554618835,
  "all_results": {
    "Always_Expert_0": 0.496255099773407,
    "Always_Expert_1": 0.4930696189403534,
    "Always_Expert_2": 0.498989075422287,
    "Raw_XGBoost": 0.40011268854141235,
    "FASTT-SDT_identity": 0.4241676330566406,
    "FASTT-SDT_diagonal": 0.42448776960372925,
    "FASTT-XGB_identity": 0.40011268854141235,
    "FASTT-XGB_diagonal": 0.4004369378089905
  }
}