{
  "cv_mean_train_time": 20.684473276138306,
  "cv_mean_test_time": 0.005879878997802734,
  "cv_mean_train_wer": 0.17434059083461761,
  "cv_mean_test_wer": 0.18132227659225464,
  "wer_test": 0.18459255993366241,
  "dataset_statistics": {
    "num_features": 1672,
    "num_total_rows": 5939,
    "train_size": 5048,
    "test_size": 891
  }
}