{
  "cv_mean_train_time": 13.564693093299866,
  "cv_mean_test_time": 0.004905343055725098,
  "cv_mean_train_wer": 0.1746518686413765,
  "cv_mean_test_wer": 0.18430565297603607,
  "wer_test": 0.19282925128936768,
  "dataset_statistics": {
    "num_features": 1672,
    "num_total_rows": 5939,
    "train_size": 5345,
    "test_size": 594
  }
}