{
  "cv_mean_train_time": 491.93870997428894,
  "cv_mean_test_time": 0.25422120094299316,
  "cv_mean_train_wer": 0.1747654378414154,
  "cv_mean_test_wer": 0.1808157116174698,
  "wer_test": 0.18389344215393066,
  "dataset_statistics": {
    "num_features": 1672,
    "num_total_rows": 5939,
    "train_size": 5048,
    "test_size": 891
  }
}