{
  "cv_mean_train_time": 14.540189981460571,
  "cv_mean_test_time": 0.04374969005584717,
  "cv_mean_train_wer": 0.20252452790737152,
  "cv_mean_test_wer": 0.20231416076421738,
  "wer_test": 0.2080937922000885,
  "dataset_statistics": {
    "num_features": 1672,
    "num_total_rows": 5939,
    "train_size": 5345,
    "test_size": 594
  }
}