{
  "cv_mean_train_time": 2.3095719814300537,
  "cv_mean_test_time": 0.010543107986450195,
  "cv_mean_train_wer": 0.19459906965494156,
  "cv_mean_test_wer": 0.19813600182533264,
  "wer_test": 0.19871823489665985,
  "dataset_statistics": {
    "num_features": 1672,
    "num_total_rows": 5939,
    "train_size": 5345,
    "test_size": 594
  }
}