{
  "cv_mean_train_time": 2.1768511533737183,
  "cv_mean_test_time": 0.008772015571594238,
  "cv_mean_train_wer": 0.1849038451910019,
  "cv_mean_test_wer": 0.18698490411043167,
  "wer_test": 0.1906386911869049,
  "dataset_statistics": {
    "num_features": 1672,
    "num_total_rows": 5939,
    "train_size": 5345,
    "test_size": 594
  }
}