{
  "target_model": "FASTT_Alternating",
  "our_wer": 0.18961980938911438,
  "best_competitor": "Raw_XGBoost",
  "best_competitor_wer": 0.18682590126991272,
  "wer_margin": -0.00279390811920166,
  "all_results": {
    "Raw_XGBoost": 0.18682590126991272,
    "FASTT_Alternating": 0.18961980938911438
  }
}